phrase,n
GCQ ,2272
II ,882
GC ,649
III ,646
CEO ,539
IV ,471
SCHEDULE ,452
ANNEXE ,450
CRTC ,370
VIA ,283
III,142
PPP ,126
MRC ,122
CANADA ,110
COLONNE ,110
COLUMN ,107
VI ,92
ELIZABETH II,88
IX ,84
ELIZABETH II ,80
SB ,80
ÉGARD ,78
SUR ,78
AIDE FINANCIÈRE ,76
AUTORISATION ,74
AUTHORIZATION ,73
DECLARATION ,73
DÉCRET ,72
UNE URGENCE PROVINCIALE DÉCLARATION ,70
CANADA,69
REGINA,69
PROVINCIAL EMERGENCY FINANCIAL ASSISTANCE ORDER NO,68
REGINA ,60
PROMOTIONS ,59
CP ,54
KPMG LLP,54
NISA,48
NOVA ,48
CSRN,47
EXERCER LES FONCTIONS DE SA CHARGE ,47
VII ,47
FM ,43
GRP ,42
OFFICER RANK ,40
ANNEXE LOI SUR LA GENDARMERIE ROYALE DU CANADA PROMOTION COLONNE ,39
VIII ,39
CENTS ,38
LLP ,38
OFFICIER GRADE ,38
SCHEDULE ROYAL CANADIAN MOUNTED POLICE ACT PROMOTION COLUMN ,38
IP ,37
LIST OF MINISTERS TO ACT FOR THE PRIME MINISTER IN THE EVENT OF HIS BEING UNABLE TO PERFORM THE FUNCTIONS OF HIS OFFICE ,36
VII,36
GRC,34
CHARGE ,33
II NAME ,33
II NOM ,33
III ACTING MINISTER ,33
III MINISTRE SUPPLÉANT ,33
IV SECOND MINISTRE SUPPLÉANT ,33
NOTE,33
OFFICE ,33
UNESCO,33
ANNEXE LOI SUR LA GENDARMERIE ROYALE DU CANADA NOMINATION ,32
GCQ,32
IL LUI EST IMPOSSIBLE ,32
LISTE DES MINISTRES POUVANT AGIR AU NOM DU PREMIER MINISTRE ,32
SCHEDULE ROYAL CANADIAN MOUNTED POLICE ACT APPOINTMENT ,32
OFFICIER DÉCRET DATE DE RETRAITE ,31
CLC ,30
CENTS,28
CLSR,28
LNG ,28
OFFICER ORDER IN COUNCIL RETIREMENT DATE ,28
RCMP ,28
AND WHEREAS ,27
IV SECOND ACTING MINISTER ,27
ILEC,25
TELUS ,25
ACTING MINISTERS ,24
ATTENDU QUE ,24
CH ,24
CLSR ,24
GST,24
MINISTRES SUPPLÉANTS ,24
TPS,24
TVH,24
LTO ,23
ANNEXE LOI SUR LA GENDARMERIE ROYALE DU CANADA RETRAITE ,22
GEN ,22
RCMP,22
SCHEDULE ROYAL CANADIAN MOUNTED POLICE ACT RETIREMENT ,22
NGTL ,21
BPC ,20
CN ,20
COSEPAC,20
IMPOSSIBILITÉ DE CELUI,20
OTAN,20
COSEWIC,19
HST,19
NATO ,19
XIII ,19
ALÉNA,18
DOLLARS,18
ESLT ,18
ILEC ,18
LET,18
LLC,18
ALLIED FORCE ,17
CI ,17
DOLLAR,17
LLP,17
XIII,17
BSE ,16
CAN ,16
CDN ,16
COURT OF QUEEN,16
GP ,16
INSPECTEUR ,16
NGTL,16
ACTING,15
LISTE DES MINISTRES QUI SERONT AUTORISÉS ,15
NATO,15
AGIR AU NOM DU PREMIER MINISTRE EN CAS ,14
CPAC,14
MC ,14
PREMIÈREMENT ,14
TELUS,14
VOLONTAIRE,14
VOLUNTARY,14
AAL ,13
CPR ,13
DM ,13
ESLT,13
EXPEDITION ,13
GG ,13
GRC ,13
OTAN ,13
RATC,13
UNESCO ,13
WARRANT OF THE GOVERNOR GENERAL ,13
ASIE DU SUD,12
BDC ,12
BR ,12
DEUXIÈMEMENT ,12
ESB,12
GATT ,12
LLC ,12
NAFTA,12
SECONDLY ,12
SOUTH,12
TV ,12
WEST ASIA ,12
CRTC,11
DOLLAR ,11
ÆXV,10
ALLIED FORCE,10
CFCP ,10
COMMENT,10
DOLLARS ,10
FIRSTLY ,10
INTERPOL ,10
LIST,10
MK ,10
MTS ,10
OF MINISTERS TO ACT FOR THE PRIME MINISTER IN,10
OIC ,10
THE EVENT OF HIS BEING UNABLE TO PERFORM THE FUNCTIONS OF HIS OFFICE ,10
TLE ,10
XL ,10
XXI ,10
XXVIII ,10
AECL ,9
ALBERTA ,9
BC ,9
CCME,9
CNP ,9
DORS,9
ÉCOSSE ,9
FIAS,9
GVSDD ,9
HST ,9
ISAF,9
KPMG,9
LTO,9
MANDAT DE LA GOUVERNEURE GÉNÉRALE ,9
MINISTERS ,9
MINISTRES,9
NTS,9
SOR,9
SUPPLÉANTS ,9
TROISIÈMEMENT ,9
XXIV,9
APPOINTMENTS,8
AU GRADE ,8
AVN ,8
CAIS,8
CFJP,8
COUR ,8
CPAC ,8
DNA ,8
EPO ,8
EST ,8
EXPÉDITION,8
IN THE MATTER OF ,8
NOMINATIONS,8
OUEST ,8
PCB ,8
PCSRA,8
RADARSAT,8
RELATIVEMENT ,8
SCHEDULE LEGAL DESCRIPTION ,8
SNRC ,8
THIRDLY ,8
TO THE RANK OF INSPECTOR ,8
UNAMID,8
VIII,8
ÆXP,7
ANNEXE LOI SUR LA GENDARMERIE ROYALE DU CANADA PROMOTION ,7
APPOINTMENTS TO THE RANK OF,7
CANDIDATES FOR CHIEF ,7
CANDIDATS AU POSTE DE CHEF ,7
CCME ,7
CCU,7
CCU ,7
CNP,7
FIRSTLY,7
INSPECTOR ,7
LABRADOR ,7
NAFTA ,7
NEUVE,7
ONTARIO ,7
PRC,7
SCHEDULE ROYAL CANADIAN MOUNTED POLICE ACT PROMOTION ,7
SKBA ,7
TSA ,7
XI ,7
XV ,7
XX ,7
XXX ,7
ACDI,6
ACTQ,6
AGIR AU,6
ALÉCA,6
ALÉCH,6
AM ,6
ANNEXE LOI SUR LA GENDARMERIE ROYALE DU CANADA RETRAITE VOLONTAIRE COLONNE ,6
ARTES,6
AUTO ,6
BAPE,6
BCP ,6
BMP,6
BOUNDARIES,6
BRUNSWICK ,6
CANDIDATES FOR COUNCILLOR ,6
CIDA,6
CJSA,6
CONCESSION ,6
COSEPAC ,6
COSEWIC ,6
CPFTA ,6
CPR,6
CSRN ,6
CTMA ,6
DEC ,6
DES MINISTRES QUI SERONT AUTORISÉS ,6
DL ,6
DND ,6
ÉLECTION ,6
ESB ,6
EXERCER,6
FIFTHLY ,6
FUNCTIONS OF HIS OFFICE ,6
GGS,6
GIC ,6
HUMANITAS ,6
IV SECOND,6
JB ,6
JUS,6
LED,6
LES FONCTIONS DE SA CHARGE ,6
LIST OF MINISTERS TO ACT FOR THE PRIME MINISTER IN THE EVENT OF HIS BEING UNABLE TO PERFORM THE,6
LISTE,6
LTS,6
MINISTER ,6
NAMES ,6
NAV CANADA,6
NOM DU PREMIER MINISTRE EN CAS ,6
NOMINATIONS AU GRADE,6
NOTE EXPLICATIVE ,6
OCDE ,6
OECD ,6
OMERS ,6
OUEST,6
PMG ,6
PRÉSENTATION NUMÉRO ,6
REMEMBER,6
RETURNING OFFICERS ,6
RSA ,6
SCHEDULE ROYAL CANADIAN MOUNTED POLICE ACT VOLUNTARY RETIREMENT COLUMN ,6
SIERRA LEONE ,6
SOUVENIR,6
UNICEF,6
ADSL ,5
ALÉCCO,5
ALÉCJ,5
ALÉCP,5
AMT ,5
ANNEXE DÉSIGNATION OFFICIELLE ,5
ANNEXE II ,5
ANNEXE SOMMAIRE DE ,5
ATTENDU QUE,5
BRITANNIQUE ,5
CANADA ,5
CEFTA ,5
CFCP,5
CHFTA ,5
CINQUIÈMEMENT ,5
COUR DU BANC DE LA REINE DU MANITOBA ,5
DD ,5
EACL,5
ÉDOUARD ,5
EXPLANATORY NOTE ,5
FBCL,5
FOURTHLY ,5
IAAF ,5
ÎLE,5
MDN,5
NEB ,5
PRINCE,5
PROCÈS,5
QËÔ,5
QUATRIÈMEMENT ,5
SCHEDULE II ,5
SCHEDULE SUMMARY OF ELECTION ,5
SKBA,5
TQS ,5
ULC,5
ULC ,5
WHEREAS ,5
XXIV ,5
ÂÃ ,4
AATC,4
AECL,4
ALÉCCR,4
AMRC ,4
AND ,4
ANNEXE VIA ,4
AOÛT ,4
APPENDICE ,4
ASPIDO INC,4
AWACS,4
BB ,4
BCP,4
BDO ,4
BENCH FOR SASKATCHEWAN ,4
BENCH OF ALBERTA ,4
BENCH OF MANITOBA ,4
BHP ,4
BPC,4
BZP ,4
CAIS ,4
CANDIDATS AUX POSTES DE CONSEILLER ,4
CARICOM,4
CCOFTA ,4
CCRFTA ,4
CFAP,4
CFKM,4
CFKS,4
CFRS,4
CGQ ,4
CHIPEWYAN INDIAN RESERVE ,4
CINDY KLASSEN ,4
CJFTA ,4
CMR,4
COUR DU BANC DE LA REINE DE LA SASKATCHEWAN ,4
COUR DU BANC DE LA REINE DU NOUVEAU,4
COUR SUPÉRIEURE DE JUSTICE DE ,4
COUR SUPÉRIEURE DU QUÉBEC ,4
COUR SUPRÊME DE LA COLOMBIE,4
COUR SUPRÊME DE LA NOUVELLE,4
COV,4
CPCN GC,4
CS ,4
CSIS,4
DDD,4
DDDG,4
DÉCRET NO ,4
DÉLIMITATIONS ,4
DESCRIPTION OFFICIELLE ,4
DESIGNATIONS ,4
DÉSIGNATIONS COLUMN ,4
DIO,4
DIVISION DE PREMIÈRE INSTANCE ,4
DT ,4
DU CONSEIL PRIVÉ ,4
EACL ,4
EHS,4
EJERE ,4
ELIPS,4
ELNI ,4
ÉNERGIE ,4
EOEP,4
ET ,4
EXPÉDITION ,4
FIFA,4
FIFA ,4
GATT,4
GSTP,4
HAITI ,4
HECTARES,4
HMV ,4
IA ,4
ICO ,4
IPL,4
KPMG LLP ,4
LEGAL DESCRIPTION ,4
LNPA ,4
MANDAT DU GOUVERNEUR GÉNÉRAL ,4
MARPOL ,4
MBS ,4
MDPV,4
MEN,4
MINUSTAH,4
MINUTE,4
MKA,4
NATIONAL ENERGY BOARD ,4
OC ,4
OF THE PRIVY COUNCIL ,4
OFFICE NATIONAL DE ,4
OFFICER ORDER,4
OID,4
PC ,4
PCSRA ,4
PID ,4
PIN ,4
PROVINCE ,4
PROVINCE DE QUÉBEC ,4
PROVINCE OF QUEBEC ,4
PROVINCIAL EMERGENCIES FINANCIAL ASSISTANCE ORDER NO,4
RCM ,4
REMEMBER ,4
RÉSERVE INDIENNE ,4
RÉSERVE INDIENNE CHIPEWYAN ,4
RÉSERVE INDIENNE DE THEBATHI NO ,4
RIDEAU FRONT,4
RSB ,4
SAR ,4
SAVE AND EXCEPT ,4
SCHEDULE,4
SDL ,4
SPRSM ,4
SRAS,4
SUPERIOR COURT OF QUEBEC ,4
SUPREME COURT OF BRITISH COLUMBIA ,4
SUPREME COURT OF NOVA SCOTIA ,4
TBFWE,4
TFMPP,4
THEBATHI INDIAN RESERVE NO,4
TRIAL DIVISION ,4
TSCO ,4
TVH ,4
ÛJÒ,4
UNE SITUATION DE CRISE PROVINCIALE DÉCLARATION ,4
UNIFIED PROTECTOR ,4
US ,4
VERBAL,4
VIH ,4
VOC,4
WOMEN,4
WRC,4
XII ,4
XXIII,4
XXIX ,4
XXV ,4
YEARS ,4
AAL,3
ÄDDDDD,3
AIDS,3
ALBERTA,3
ALÉCI ,3
ALÉCPA,3
ALÉCRC,3
AMC ,3
AMGI,3
AMT,3
ANNEXE COUR DU BANC DE LA REINE DE ,3
ANNEXE LOI,3
APBW ,3
ARBITRAGE ,3
BEFORE ,3
BENCH OF MANITOBA,3
BENCH OF NEW BRUNSWICK,3
BXI ,3
BŽX,3
CBC ,3
CEAA ,3
CENT,3
CENT ,3
CHFTA,3
CHUM,3
CHUM ,3
CIFTA ,3
CKFTA ,3
CLEC,3
COMMENCÉ LE ,3
CONTENANT,3
CORMIER,3
COUNCIL RETIREMENT DATE ,3
COUR DE JUSTICE DU NUNAVUT ,3
CPAFTA ,3
DDDDDDD,3
DÉSIGNATIONS ,3
DESIGNATIONS TERMINATED ,3
DEVANT ,3
DIO ,3
DIVISION DE PREMIÈRE INSTANCE DE LA COUR SUPRÊME DE TERRE,3
DIX,3
DSL ,3
ELIZABETH II ,3
ÈÞÈ,3
FAMILY DIVISION ,3
GATS,3
HEALY,3
HEALY ,3
HIV ,3
HWSQH,3
HWSQH ,3
IAAF,3
IBRD,3
IL EST ORDONNÉ QUE,3
IT IS ORDERED THAT,3
JANVIER ,3
LFR,3
LNPA,3
LSPFL,3
LSPFL ,3
MAINTENANT DANS LA VILLE ,3
MIGA,3
MONTH ,3
MS ,3
MV ,3
NEPEAN,3
NOMS	 POWERS DESIGNATED ,3
NOUVELLES DÉSIGNATIONS SUBMISSION NUMBER ,3
OID ,3
OMÓ,3
ØØØ,3
ORDER AO,3
ORDER IN COUNCIL ,3
ORDONNANCE AO,3
OTA ,3
OTTAWA,3
POWERS DESIGNATED ,3
PRC ,3
PREMIÈREMENT,3
PROMOTION ,3
PROVINCE DE LA NOUVELLE,3
PROVINCE OF NOVA SCOTIA ,3
PROVINCIAL,3
QË ,3
REGINA ,3
RRC,3
RRC ,3
SARS,3
SB ,3
SCHEDULE COURT OF QUEEN,3
SCHEDULE VIA ,3
SCRS,3
SECONDLY,3
SIDA,3
SMRBC ,3
SOUVENIR ,3
SUDAN ,3
TFF ,3
TO HER EXCELLENCY THE GOVERNOR GENERAL IN COUNCIL,3
TRIAL DIVISION OF THE SUPREME COURT OF NEWFOUNDLAND AND LABRADOR ,3
TSA,3
UN MILLION DEUX CENT TREIZE MILLE SIX CENT QUATRE,3
UNE SUPERFICIE APPROXIMATIVE DE ,3
VIAPAQ ,3
VIH,3
VINGT,3
WONG,3
ŽJÚ,3
ŽXP,3
ŽXV,3
AA ,2
AÅ ,2
AB ,2
ACEE ,2
ACM,2
ACSTA,2
ACTI ,2
AÐA,2
ÄDDA,2
ADSL,2
ÆÃ ,2
ÆÇÅ,2
ÆXN,2
AG ,2
ÁKÇ,2
ÃM ,2
AMIS,2
AMRC,2
ANCIENNEMENT DANS LA VILLE DE,2
AND ENDED ON JANUARY ,2
ANNEXE DÉFINITIONS ,2
ANNEXE DESCRIPTION OFFICIELLE ,2
ANNEXE LISTE DE CANDIDATS ,2
ANNEXE LOI SUR LA GENDARMERIE,2
ANNEXE LOI SUR LA GENDARMERIE ROYALE DU CANADA NOMINATION COLONNE ,2
ANNEXE LOI SUR LA GENDARMERIE ROYALE DU CANADA RENVOI ,2
ANNEXE LOI SUR LA GENDARMERIE ROYALE DU CANADA RETRAITE VOLONTAIRE ,2
ANS,2
ANS ,2
API ,2
APPEL DE ,2
APPEL DU MANITOBA ,2
APPEL DU QUÉBEC ,2
APPOINTMENT ,2
ARCTIC EXPEDITION ,2
ARCTIC WATERS POLLUTION PREVENTION ACT ,2
ARCTIC WATERS POLLUTION PREVENTION ACT LOI SUR LA PRÉVENTION DE LA POLLUTION DES EAUX ARCTIQUES DESIGNATIONS TO BE REVOKED ,2
ARCTIC WATERS POLLUTION PREVENTION ACT LOI SUR LA PRÉVENTION DE LA POLLUTION DES EAUX ARCTIQUES NEW DESIGNATIONS ,2
ARMISTICE ,2
ARTES ,2
ARTV,2
ARTV INC,2
ASE,2
ATA ,2
ATCO ,2
AWACS ,2
BC LNG ,2
BCR ,2
BIRD,2
BMG ,2
BRUNSWICK,2
BSE,2
BT ,2
BTFW,2
BWBA,2
BWBA ,2
BXI,2
CAD,2
CAMS ,2
CAN,2
CANADIAN MOUNTED POLICE ACT PROMOTION ,2
CANDIDATS AUX POSTES DE CONSEILLERS ,2
CANDU ,2
CANTON,2
CATSA ,2
CBC,2
CC ,2
CCFTA ,2
CE CXL ,2
CEAA,2
CEDEAO,2
CEG JEM ,2
CENTS ,2
CFB ,2
CFTF,2
CFWH,2
CFWH ,2
CGI ,2
CHEONG,2
CLASSEN,2
CLNA,2
CMA,2
CNRC ,2
COBURN,2
CONDITIONS ,2
COP,2
COUR DU BANC DE LA REINE DU MANITOBA,2
COURT OF APPEAL FOR MANITOBA ,2
COURT OF APPEAL OF QUEBEC ,2
CPCN,2
CQ ,2
CRC ,2
CRF,2
CSA ,2
CVC,2
CXL ,2
CYB ,2
DANIEL SULLIVAN ,2
DAVID SCHMIDT PANKRATZ ,2
DAVIS,2
DDDD,2
DDDDD,2
DDDDDDDDDDDDDDD,2
DDDDDG,2
DDDDG,2
DE CRISE PROVINCIALE ,2
DIRECTEURS DE SCRUTIN ,2
DIRECTEURS DU SCRUTIN ,2
DIVISION DE LA FAMILLE,2
DIVISION DE LA FAMILLE ,2
DMX ,2
DOLLARS ,2
DUBÉ,2
DW ,2
ÈAÛ,2
EC ,2
ECOWAS,2
ED ,2
EFTA ,2
ELDIB,2
ELT,2
EMERGENCIES FINANCIAL ASSISTANCE ORDER NO,2
EPC,2
EPC ,2
EPP,2
ERAR,2
ESA,2
ESLC ,2
EST,2
EST TERMINÉE LE ,2
ET SE TERMINANT LE ,2
EVANS,2
EXCLUSION ,2
EXPÉDITION DANS ,2
FAO,2
FFT,2
FIAS ,2
FIVE ,2
FPSO,2
FPSO ,2
FRASER,2
FXN,2
FXP,2
GED ,2
GÉOGRAPHIQUE DE NEPEAN,2
GLEETON,2
GLOVER,2
GOL ,2
GPT ,2
GRADE SEC GOURD HUMIDE ,2
GRADE STRAIGHT TOUGH DAMP ,2
GROUP ,2
GSX ,2
HAÏTI,2
HAÏTI ,2
HEMEON,2
HENQUET,2
HIT ,2
HIV,2
HMS ,2
HOCKEY FÉMININ,2
HOCKEY FÉMININ ,2
HOCKEY MASCULIN,2
HOCKEY MASCULIN ,2
HOUDE,2
HTGKAHRZYH,2
HUMANITAS,2
ÏÁ ,2
ICAC LLC ,2
ICAO ,2
ICIC,2
IDT ,2
INDAS ,2
INDIAN RESERVE NO,2
IPFPC,2
IR ,2
ISAF ,2
ISH ,2
ITU,2
JKC ,2
JLG,2
JLG ,2
JUILLET ,2
KENEFICK,2
KING,2
KM LNG ,2
KOSANOVICH,2
KÛJ,2
LA LIVRAISON POUR LA PÉRIODE DE MISE EN COMMUN COMMENÇANT LE ,2
LECLERC,2
LIBYA,2
LIBYE ,2
LMP,2
LUNA,2
LXII,2
LXXXIII ,2
LXXXIX,2
LXXXV,2
MACDONALD,2
MACKENZIE,2
MANDAT ,2
MANDATE ,2
MARCOTTE,2
MARINE,2
MCGARVIE,2
MCLEOD,2
MDN ,2
MINUAD,2
MINUS,2
MINUTL,2
MM ,2
MÓÓ,2
MRC,2
MUAS,2
MUNICIPALITÉS DE ,2
MURRAY,2
NAIR,2
NAISBY,2
NAMES POWERS,2
NAV ,2
NAVY ,2
NEDEHE TÚE ,2
NEDEHE TÚE INDIAN RESERVE NO,2
NEUF ,2
NINE ,2
NISA ,2
NO ,2
NOMINATION ,2
NOMINATIONS AU GRADE ,2
NOW IN THE CITY OF OTTAWA,2
NPS ,2
NRC ,2
NSP ,2
NÛ ,2
NUIT ,2
NUNAVUT ,2
NUNAVUT COURT OF JUSTICE ,2
OACI ,2
OFFICIER RANG ,2
OIE,2
ØLŠ,2
OMPI ,2
ONE MILLION THREE HUNDRED FIFTEEN THOUSAND TWO HUNDRED AND THREE ,2
ONE MILLION TWO HUNDRED THIRTEEN THOUSAND SIX HUNDRED NINETY,2
ONF,2
ONTARIO,2
ONTREA ,2
ONUCI,2
ÓÕ ,2
OSPREY ,2
OTA,2
OTTAWA FRONT,2
PAQUET,2
PAR TONNE,2
PER TONNE,2
PÉRIODE ,2
PF ,2
PGS ,2
PICCO,2
PIN,2
PMC ,2
PÓ ,2
POLICE ACT PROMOTION ,2
PROVINCE DE ,2
PROVINCE DE LA SASKATCHEWAN ,2
PROVINCE DE TERRE,2
PROVINCE DU NOUVEAU,2
PROVINCE OF NEW BRUNSWICK ,2
PROVINCE OF NEWFOUNDLAND AND LABRADOR ,2
PROVINCE OF PRINCE EDWARD ISLAND ,2
PROVINCE OF SASKATCHEWAN ,2
PRRA,2
RAL ,2
RCB ,2
RINAS,2
RL ,2
RNC ,2
RODRIGUE,2
ROSE,2
ROYALE DU CANADA PROMOTION ,2
RSM ,2
RVÅ,2
SASKATCHEWAN ,2
SC ,2
SCHEDULE FIRSTLY ,2
SCHEDULE INTERPRETATION ,2
SCHEDULE LEGAL DESCRIPTION PART OF LOT ,2
SCHEDULE ROSTER OF CANDIDATES ,2
SCHEDULE ROYAL,2
SCHEDULE ROYAL CANADIAN MOUNTED,2
SCHEDULE ROYAL CANADIAN MOUNTED POLICE ACT APPOINTMENT COLUMN ,2
SCHEDULE ROYAL CANADIAN MOUNTED POLICE ACT DISCHARGE ,2
SCHEDULE ROYAL CANADIAN MOUNTED POLICE ACT VOLUNTARY RETIREMENT ,2
SD ,2
SIERRA LEONE,2
SIGTAS ,2
SIR JOHN ,2
SIRIUS ,2
SIXIÈMEMENT ,2
SIXTHLY ,2
SKG ,2
SNL ,2
SON EXCELLENCE LA GOUVERNEURE GÉNÉRALE EN CONSEIL,2
SOUDAN ,2
SOUVENIR ,2
SPACEPOL ,2
STEWART,2
SUPERIOR COURT OF JUSTICE IN AND FOR ONTARIO ,2
SUR LA GENDARMERIE ROYALE DU CANADA PROMOTION ,2
TB ,2
TC ,2
TDEWE,2
THD,2
THEREFORE,2
THERRIEN,2
THP ,2
TLE,2
TLL ,2
TO ,2
TPG ,2
TRIM ,2
TS ,2
TU ,2
TUC,2
ÚÃ ,2
UAW ,2
ÛJÕ,2
ÛK ,2
UN ,2
UN MILLION TROIS CENT QUINZE MILLE DEUX CENT TROIS ,2
UNE SITUATION,2
UNEP,2
UNMIS,2
UNMIT,2
UNOCI,2
ÚÚM,2
ÚVŸ,2
ÚZÝ,2
VÆÅ,2
VF ,2
VIP,2
VUP ,2
WCC LNG ,2
WIM,2
WIPO ,2
WLTO ,2
WMD ,2
XIX,2
XIX ,2
XLIX ,2
XLVIII,2
XM ,2
XVIII ,2
XXVI ,2
XXX,2
YUKON ,2
ZÚÚ,2
AÃ ,1
ÂAÆ,1
ÂÁÃJ,1
ÂÃC,1
ÃAÐAÒ,1
AÃDDE,1
AÄDDYUD,1
ÄÃÐÑ,1
ÅÄDP,1
ÄÃË,1
ÁÃËÀ,1
ÁÆÅ,1
ÅÆÅ,1
ÅÅG,1
ÂÃIŠ,1
ÂÂK,1
ÅÄK,1
ÂÄÖ,1
ÄÃØ,1
AÃP,1
AATC ,1
AÄU,1
ÂÃVVI,1
ABC,1
ABC ,1
ABROGER SUBMISSION NUMBER ,1
ÅÇÅ,1
ACCORD SUR ,1
ACCORDS DE FINANCEMENT ,1
ACCORDS DE PRÊT CONCLUS AU TITRE DU PROGRAMME CANADIEN DE PRÊTS AUX ÉTUDIANTS ,1
ACCOUNTABILITY AND ANNUAL REPORT ,1
ACEE,1
ACH ,1
ÅCNA,1
ÁÇØ,1
ACOMPTES ,1
AÐ ,1
ÂÐA,1
ÅDÃ,1
ÂDDD,1
ÄDDDDDD,1
ÄDDDDDDDDDDDDDEÄDDDM,1
ÄDDDDDDDDDDDDDIÐ,1
ÄDDDDDDDDDDM,1
ÄDDDDDDDDJ,1
ÄDDDDDDDDÞ,1
ÄDDDDDF,1
ÃDDDE,1
ÄDDDW,1
ÄDDG,1
ÄDDHO,1
ÄDDIC,1
ADMINISTRATION ,1
ÄDMW,1
ADN,1
ÁÐN,1
AÐO ,1
AÐO ÕÒ,1
ADPIC,1
ÁË ,1
ÀÈÁ,1
ÃEÅ,1
ÆÅC,1
ÆÅC ,1
ÁËÆ,1
ÂÈAÈ,1
ÆÅE,1
ÆÆÅA,1
ÆÆÇ,1
ÆÅEW,1
ÆÆÝ,1
ÆÆÞ,1
ÆÁI,1
ÆÅSÅ,1
ÆCÍ,1
ÆÇLS,1
ÆÇÓ,1
ÆÐR,1
ÆÐSA,1
ÃËÈ,1
ÆÈT,1
ÅEH,1
AELÉ,1
AELÉ ,1
ÆMÖ,1
ÆÓ ØL,1
ÆØØ,1
ÅÈSÒÂ,1
ÆUÑ,1
ÆÚV,1
ÆXOÞ,1
ÆY ,1
ÆŸÆ,1
ÆZÂ,1
ÅFÁ,1
ÅFÅ,1
ÅFÅFÇ,1
ÂFÛ,1
ÅGÃ ,1
AGCS,1
ÃGDÏ,1
ÄGEÑ,1
AGIR AU NOM DU PREMIER MINISTRE EN SON ABSENCE OU ,1
ÅHS,1
AIDE,1
AIDE FINANCIÈREÀ ,1
ÄÎÑ,1
ÄÎÑ ,1
ÂIÒ,1
ÃIW,1
ÁIÝ ,1
ÃJX,1
ÃKI,1
ÃKØ,1
ÄKT,1
ALÉCC,1
ALÉCC ,1
ALÉCH ,1
ALÉCP ,1
ALENA,1
ALI,1
ÂLI,1
ALINÉA ,1
ALLAN,1
ALLIED,1
ALS,1
ÂLS,1
ALV,1
ÂLW,1
ÂMÉ,1
ANCIENNEMENT DANS LA VILLE DE GLOUCESTER,1
AND ENDING ON JANUARY ,1
AND ENDING ON JULY ,1
AND WILL END ON JULY ,1
ÃNÈ,1
ÁNF,1
ANNEX CANADIAN FORCES GRIEVANCE PROCESS EX GRATIA PAYMENTS ORDER ,1
ANNEXE,1
ANNEXE ANNEXE ,1
ANNEXE CANDIDATS AUX POSTES DE CONSEILLER ,1
ANNEXE COMMISSAIRES AUX SERMENTS,1
ANNEXE COMPTE DE MISE EN COMMUN ,1
ANNEXE CONDITION ,1
ANNEXE CONDITIONS ET MODALITÉS POUVANT AVOIR UNE INCIDENCE FINANCIÈRE POUR SA MAJESTÉ DU CHEF DU CANADA ,1
ANNEXE COUR ,1
ANNEXE DÉCRET RELATIF AU VERSEMENT DE PAIEMENTS ,1
ANNEXE DESCRIPTION CADASTRALE ,1
ANNEXE DESCRIPTION LÉGALE PARTIE DU LOT ,1
ANNEXE DÉSIGNATION OFFICIELLE PARTIE DES LOTS ,1
ANNEXE DÉSIGNATION OFFICIELLE PARTIE DU LOT ,1
ANNEXE DÉSIGNATIONS ,1
ANNEXE LOI SUR,1
ANNEXE LOI SUR LA GENDARMERIE ROYALE DU CANADA DÉMISSION ,1
ANNEXE LOI SUR LA GENDARMERIE ROYALE DU CANADA NOMINATION OFFICIER ,1
ANNEXE MINISTÈRES ,1
ANNEXE MODALITÉS RESPECTANT LA DISPOSITION DES CERTAINS BIENS ET LE RÈGLEMENT DES DETTES ET OBLIGATIONS DE LA FONDATION CANADIENNE DES BOURSES ,1
ANNEXE NAME,1
ANNEXE ORGE LISTE DES GRADES TRANSFÉRÉS DE LA PÉRIODE DE MISE EN COMMUN QUI ,1
ANNEXE ORGE PAIEMENTS ,1
ANNEXE POUR LES GRADES SAUF LE GRADE DE BASE ORGE ,1
ANNEXE POUR LES GRADES SAUF LE GRADE DE BASE ORGE DÉSIGNÉE ACOMPTES ,1
ANNEXE PROMOTION DES OFFICIERS ,1
ANNEXE PROVINCE DE LA COLOMBIE,1
ANNEXE PROVINCE DU MANITOBA ,1
ANNEXE RÉSERVE INDIENNE ,1
ANNEXE SOMMAIRE,1
ÁNÕ,1
AÒ ,1
AØ ,1
ÅÔ ,1
AØA,1
AØB,1
AÓÇ,1
AØC,1
ÃØC ,1
ÂØHÊ,1
ÂØJ,1
ÂØKÖÂM,1
AØL ,1
ÂØM,1
ÂØNÂ,1
AÒÒ,1
ÀÖÒ,1
ÂØR,1
ÁØŠ,1
ÃÓÚÛWÛ,1
ÂØUX,1
ÄOŸ,1
ÂPÁ,1
ÂPÂ,1
ÂPÂÃ,1
ÂPÂÚÞÚW,1
APBW,1
ÄPÊ,1
APEC,1
ÂPÖ,1
ÂPØ,1
ÂPÓ ,1
APPEL DE LA COUR SUPRÊME DE TERRE,1
APPEL DE LA NOUVELLE,1
APPEL DE LA SASKATCHEWAN ,1
APPEL FÉDÉRALE ET DE LA COUR,1
APPENDICE PREMIÈREMENT ,1
APPOINTMENTS ,1
APPOINTMENTS TO THE RANK OF INSPECTOR ,1
APPROBATION DU PLAN ,1
APPROXIMATE AREA OF ,1
ÂQŽ,1
ÁR ,1
ARBITRATION ,1
ARBITRATION PROCEDURES ,1
ARCTIC WATER POLLUTION PREVENTION ACT NEW DESIGNATIONS SUBMISSION NUMBER ,1
ARCTIC WATERS POLLUTION PREVENTION ACT DESIGNATIONS TO BE REVOKED SUBMISSION NUMBER ,1
ARCTIQUE,1
ARCTIQUE ,1
ÀRËK,1
ARMES ,1
ÁRÒI,1
ARTICLE ,1
ÀŠÅD,1
ÅSÆÅ,1
ASPIN,1
ASSURER LE SUIVI DE ,1
AŠÝŽA,1
ÃTA,1
ATC,1
ÀTC,1
ATKINSON,1
ÃTN,1
ÂTÕ,1
AÚ ,1
ÂÛ ,1
ÀÚ IOAÚJ,1
AÚI,1
ÂÚL,1
AÛM,1
AÚÒ,1
ÅUÓ,1
ÅÙŒÛ,1
ÁÜÒK,1
ÂÚP,1
AUPRÈS DE LA COUR ,1
AUTRES RAPPORTS ET RECOMMANDATIONS ,1
ÂUÛ,1
ÃÙV,1
ÂV ,1
ÃV ,1
ÁVÁ,1
ÅVÆÇ,1
AVERAGE PRICE PER TONNE VALUE GRADE TONNES ,1
AVGD,1
ÃVÖÓ,1
ÃVÚW,1
ÃVX,1
ÂWA,1
AWË,1
AWI,1
ÁWÚ,1
AŸI,1
ÀŸÔ,1
ÁŸŒA,1
ÂÝŠ,1
AÝÚ,1
ÁYZ,1
ÄZÂÁ ,1
ÅZH,1
ÅZV,1
AZÝ,1
ÂZZXI,1
BÂ ÝÅ ,1
BÂA,1
BAÆ,1
BÁD,1
BÃJ,1
BBØ,1
BDC,1
BDDDDDDDTDGÖÂ,1
BÉGIN,1
BENCH OF NEW BRUNSWICK ,1
BENT,1
BERNAS,1
BGÝ,1
BHESANIA,1
BÍÄ,1
BLACKBERRY LIMITED INCOME TAX REMISSION ORDER INTERPRETATION ,1
BLAGDON,1
BLÉ SOLDE NON RÉPARTI AU ,1
BÓ ,1
BÔ ,1
BOISVERT,1
BÓM,1
BOREAL FOREST,1
BOREAL FOREST ,1
BOURDEAU,1
BRADBURY,1
BRAVERY,1
BRAVERY ,1
BRAVOURE,1
BRAVOURE ,1
BRETON,1
BRITANNIQUE,1
BRITISH COLUMBIA,1
BROWN,1
BRUCE,1
BSIF,1
BTF,1
BUDGET IMPLEMENTATION ACT,1
BUÖ,1
BURCH,1
BUSSIERES,1
BYÍ,1
BŽXP,1
ÇÆÅ,1
ÇÆX,1
ÇÅFÓ ,1
CÂL,1
CAMPBELL,1
CANDIDATES FOR CHIEF,1
CANDIDATES FOR COUNCILOR ,1
CANDIDATS AU POSTE DE,1
CANDIDATS AU POSTES DE,1
CANTON GÉOGRAPHIQUE DE GLOUCESTER,1
CAÒ,1
CAPITAL,1
ÇÅVÅ,1
CAW,1
CBA,1
CBA ,1
CBIP,1
CCOFTA,1
CDDDDDDD,1
CDMA,1
CDN,1
ÇË ,1
CEFTA,1
ÇËH,1
ÇÈÜŽ,1
ÇÈW,1
CHAPITRE ,1
CHAPMAN,1
CHARBONNEAU,1
CHAUDHRY,1
CHÄÚÚX,1
CHEF ,1
CHETEURS ADMISSIBLES ,1
CINQ,1
CINQ ,1
CINQUIÈMEMENT,1
CITA,1
CITA ,1
CJFTA,1
ÇKH,1
CM ,1
CMDA,1
CMSF,1
ÇNA,1
CÑÑ,1
COBANLI,1
COCKBURN,1
ÇÔGÞ,1
ÇÖHD,1
COJÚÃK,1
COLE,1
COLOMBIE,1
COLOMNE ,1
COLONNE,1
COLUMN,1
COMING INTO FORCE ,1
COMITÉ DE MISE EN ŒUVRE ,1
COMMENÇANT ,1
COMMENCING ,1
COMMUNITY LOTS ,1
COMPILED PLAN OF FITZGERALD SETTLEMENT,1
COMPOSITION OF THE BOARDS OF DIRECTORS ,1
CONDITIONS VISANT LE QUORUM ,1
CONFÉRÉS DÉCRET BAMBURY,1
CONFÉRÉS MAUNG,1
CONFIDENTIALITÉ ,1
CONFIDENTIALITY ,1
CONSEILLER ,1
CONTAINING AN,1
CONTAINING AN APPROXIMATE AREA OF,1
CONTAINING AN APPROXIMATE AREA OF ,1
CONTINUING REVIEW OF FACTORS SET OUT IN SUBSECTION ,1
CONTRACTUAL TERMS,1
CORNELL,1
CORPORATE PLAN OF THE NATIONAL CAPITAL COMMISSION ,1
COŠ,1
COUNCIL DISCHARGE DATE ,1
COUPE GREY CUP,1
COUPE GREY CUP ,1
COUR DE LA FAMILLE ,1
COUR DU BANC DE LA REINE DE ,1
COUR SUPÉRIEURE DE JUSTICE ,1
COUR SUPRÊME DE ,1
COUR SUPRÊME DE TERRE,1
COUR SUPRÊME DES TERRITOIRES DU NORD,1
COURT ,1
COURT OF APPEAL FOR ONTARIO ,1
COURT OF APPEAL FOR SASKATCHEWAN ,1
COURT OF APPEAL OF THE SUPREME COURT OF NEWFOUNDLAND AND LABRADOR ,1
COURT OF JUSTICE OF NUNAVUT ,1
CÓÞÖÅ,1
CPCN EC,1
CPCN OC,1
CPI,1
CPI ,1
CRAWLEY,1
CRET ACCORDANT UNE DISPENSE AUX AGENTS ,1
CRET DE REMISE ,1
CRET MODIFIANT LE ,1
CREWE,1
CROWN LAND BEING THE BED OF THE FRASER RIVER,1
ÇRPG,1
CRS,1
CSFAR,1
CSFAR ,1
CSIS ,1
CSPAAT,1
CSPAAT ,1
ÇTÅ,1
CTÉÍÌÈÎ,1
ÇTN,1
CTRC ,1
ÇÜE,1
CÜÍ,1
CULL,1
CUNNINGHAM,1
ÇÛÓ,1
CÛÒA,1
CUP,1
CURREN,1
CURRIVAN,1
CUSACK,1
CUTION DES ÉTATS,1
CUTION DU BUDGET DE ,1
CVO,1
CVVM,1
ÇYO,1
CYR,1
CÝÜ,1
ÐA ,1
DAÁ,1
ÐÂA,1
DAÃÍ,1
DAIGLE,1
DALZIEL,1
ÐAÑ,1
DANS TOUTES LES PARCELLES DÉLIMITÉES PLUS HAUT,1
DAÒ,1
ÐÂÒ,1
DAY,1
DCA,1
DCC,1
DCN,1
ÐÇV,1
DDA,1
DDB,1
DDDDDDDD,1
DDDDDDDDD,1
DDDDDDDDDDDDDDDDDDDDD,1
DDDDDDDDDDDDDDDDDDTE ,1
DDDDDDDDDDDÓ,1
DDDDDDDDDDT,1
DDDDDDDDDG,1
DDDDDDDDDV,1
DDDDDDDG,1
DDDDDDEÆ,1
DDDDDDF,1
DDDDDDG,1
DDDDDDI,1
DDDDDFÔ,1
DDDDDGÛQ,1
DDDDDGÞ,1
DDDDDH,1
DDDDH,1
DDDDR,1
DDDI,1
DDDJD,1
DDF,1
ÐDG,1
DDK,1
DDÔ,1
DDTDDJ,1
DDZ,1
DE ,1
ÐÉ ,1
DE CAPITAUX ,1
DE CETTE LOI ,1
DE LA COMMISSION DE LA CAPITALE NATIONALE ,1
DE LA LOI ,1
DE LA LOI SUR ,1
DE LA POLLUTION DES EAUX ARCTIQUES DÉSIGNATIONS ,1
DÈÂ,1
DÉÆ,1
DECEASED,1
DÉCEMBRE ,1
DÉCÈS,1
DÉCRET MODIFIANT LE DÉCRET ,1
DÉCRET NUMÉRO ,1
DEFINITIONS,1
DÉFINITIONS ,1
DEMANDE ,1
DENEAULT,1
DEPARTMENT OF INDIAN AFFAIRS AND NORTHERN DEVELOPMENT ,1
DESCHENES,1
DESCRIPTION DE LA ZONE VISÉE PAR UN PERMIS	 ,1
DESCRIPTION DES TERRES AUXQUELLES RENONCE LE COMMISSAIRE DU NUNAVUT ,1
DESCRIPTION DES TERRES CÉDÉES ,1
DESCRIPTION DES TERRES QUE CÉDERA LA QIKIQTANI INUIT CORPORATION AU GOUVERNEMENT DU CANADA ,1
DESCRIPTION OF LANDS CONVEYED TO THE QIKIQTANI INUIT ASSOCIATION ,1
DESCRIPTION OF LANDS RELINQUISHED BY THE COMMISSIONER OF NUNAVUT ,1
DESCRIPTION OF LANDS TO BE RELINQUISHED BY THE QIKQTANI INUIT CORPORATION TO THE GOVERNMENT OF CANADA ,1
DESIGNATED GILBERT,1
DESIGNATED ORDERS IN COUNCIL BUCHANAN,1
DÉSIGNATIONS COLONNE ,1
DESIGNATIONS COLUMN ,1
DESIGNATIONS TERMINATED NAME POWERS,1
DÉSIGNÉS GILBERT,1
DESJARDINS,1
DEUXIÈMEMENT,1
DFÂ,1
DFAA ,1
DGD,1
DGT,1
ÐÏÆ,1
ÐIMT,1
DION,1
DIRECTIVES FOR ENSURING ,1
DIRECTIVES VISANT ,1
DISPOSITIONS CONTRACTUELLES ,1
DISPUTE RESOLUTION PROCESS DEFINITIONS ,1
DISTRIBUTION,1
DISTRIBUTION ,1
DISTRICT ,1
DIVISION DE PREMIÈRE INSTANCE DE LA COUR SUPRÊME DE,1
DIX DOLLARS ,1
DJLŸ ,1
ÐMÂ,1
ÐMÂ ÉX,1
ÐMË,1
ÐMJ,1
ÐMÓ,1
DNA,1
DND,1
DNGÅ,1
DØ ,1
DØB,1
ÐOD,1
DÖHY,1
DONALD,1
DORAISWAMY,1
ÐÕS,1
ÐÒÛ,1
ÐOWÚÕ,1
DQÔ,1
DQŽ,1
DRÇ,1
ÐRF,1
DROITS DE ,1
DROITS DE LIQUIDIT,1
ÐSÂ,1
DUGUAY,1
DÜIU,1
DUTRUEL,1
DÙUK,1
ÐW ,1
DWÕY ,1
DXÝ ,1
DÝÝ,1
EA ,1
ÉÂ ,1
ÊÁ ,1
ËÁ ,1
ÉÃDÝ,1
ËÆŒ,1
EÃEÛ,1
ÉÆÛ,1
EÆZC,1
EÅG,1
ËAG,1
ÉÄÌ,1
ÈÀÌÁË,1
ËÃÑ,1
ÉÁP,1
ÉÂS,1
EASSON,1
ÉB ,1
ÉBE,1
ÉCÂ,1
ÈÇA,1
ËÇÅ,1
ÉCD,1
ÉCE,1
ËÇË,1
ÈÇL,1
ÉCÑ,1
ÉCÒ,1
ÈÇTÈ,1
EÇÚÓ,1
ÊÐÕ,1
ÊEÅ,1
EG ,1
ÈG ,1
ÉGARD DES PAYS DÉSIGNÉS EN VERTU DE ,1
EIGHTHLY ,1
ÉÌÑ,1
ÊJÅ,1
ÊJØKN,1
ÈJWÕ,1
EKÐ,1
ËLÈ,1
ELISABETH II,1
EMENEAU,1
EMERGENCY FINANCIAL ASSISTANCE ORDER NO,1
ËMÖ,1
EÑ ,1
ENERGY ,1
ENGLISH,1
ENSALA,1
ENTRÉE EN VIGUEUR ,1
ENTREPRISE DE ,1
EŒÃ ,1
EÒQ,1
ÊPF,1
ËPMA,1
ÉPŒK,1
ÈQÓ,1
ËQÒÉ,1
ERAP,1
ÉRKZW,1
ÈRQÈ,1
ESLC,1
ESLT   ,1
ET SE TERMINERA LE ,1
ÉTABLISSEMENT FITZGERALD,1
ÉTAT DES INDEMNITÉS ,1
ËTI,1
ÈTN,1
ÊTRE ABROGÉES PRÉSENTATION NUMÉRO ,1
ÊTRE ABROGÉES SUBMISSION NUMBER ,1
ÉTUDES DU MILLÉNAIRE CONFORMÉMENT AU PARAGRAPHE ,1
ÉTUDIANTS ,1
EÙC,1
ÊÙDDD,1
ÉÛE,1
ÈÜL,1
ËUS,1
ËWD,1
EXAMEN ,1
EXAMEN DES FACTEURS PRÉVUS AU PARAGRAPHE ,1
EXAMEN ET DE RAPPORT ,1
EXCEPTION ,1
EXCLUSION,1
EXJÂ,1
EXPEDITION,1
EXPLANATORY,1
ÈÝP,1
EÝÚ,1
EÝŽJÚ,1
ÊZ ,1
EŽÂ,1
ÉŽF,1
ÈŽQ,1
ÈŽÚ,1
ÈŽÚÚ,1
ÉŽX,1
ËŽX,1
ÈÞG,1
ÉÞH,1
FÅD,1
FAMILY COURT ,1
FAMILY DIVISION,1
FBCL ,1
FÐM,1
FÉDÉRALE ,1
FEE,1
FERGUS,1
FEU PAR VOIE MARITIME,1
FÉVRIER ,1
FFT ,1
FIN DES DÉSIGNATIONS NAME POWERS VESTED ORDER IN COUNCIL NOM POUVOIRS CONFÉRÉS DÉCRET ASKHAM,1
FIN DES DÉSIGNATIONS NAME POWERS VESTED ORDER IN COUNCIL NOM POUVOIRS CONFÉRÉS DÉCRET BROCK,1
FIN DES DÉSIGNATIONS NAME POWERS VESTED ORDER IN COUNCIL NOM POUVOIRS CONFÉRÉS DÉCRET CONSTABLE,1
FIN DES DÉSIGNATIONS NOM POUVOIRS,1
FINANCIAL IMPACT ON HER MAJESTY IN RIGHT OF CANADA ,1
FINANCIÈRE ,1
FINANCING ARRANGEMENTS ,1
FJAÇC,1
FMÅTK,1
FMÔ,1
FØÂÂ,1
FÒË,1
FŒÕ,1
FOISY,1
FORCE ,1
FORÊT BORÉALE,1
FORÊT BORÉALE ,1
FORMERLY IN,1
FORMERLY IN THE CITY OF,1
FORMERLY IN THE CITY OF NEPEAN,1
FOSTER,1
FOURNIER,1
FRATTIN,1
FREAKE,1
FRONTING DISTRICT LOTS ,1
FŠT,1
FST ,1
FÚL ,1
FXV,1
FYB,1
GA ,1
GÆÃ,1
GALIAY,1
GARIÉPY,1
GARROWAY,1
GASCON,1
GATS ,1
GAUVIN,1
GB ,1
GÐBÏ,1
GÈÆ,1
GENERAL PRINCIPLES ,1
GEOGRAPHIC,1
GEOGRAPHIC TOWNSHIP OF GLOUCESTER,1
GEOGRAPHIC TOWNSHIP OF NEPEAN,1
GEÚ,1
GHUMAN,1
GÌ ,1
GIBBONS,1
GIGUERE,1
GILL,1
GILMORE,1
GÌÑ,1
GIRARD,1
GJÈ,1
GL ,1
GLDDDDFÒŠ,1
GLEMENT MODIFIANT LE ,1
GLEMENT SUR LA COMMISSION CANADIENNE DU BL,1
GMES,1
GMT ,1
GNWT ,1
GNÞ,1
GÓ ,1
GOCO ,1
GÒË,1
GOODMAN,1
GOPAC,1
GOPAC ,1
GÒT,1
GOUGEON,1
GRÁ,1
GRAVEL,1
GREEN,1
GROUP,1
GRUBSKI,1
GSC,1
GTF,1
GTNO ,1
GUERTIN,1
GULATI,1
GÛLŒ,1
GUTT,1
GŽX,1
HÄÄ,1
HAIGH,1
HALL,1
HARDY,1
HARE,1
HARNEY,1
HART,1
HARVEY,1
HASWELL,1
HATCHER,1
HDÀ,1
HËH,1
HER EXCELLENCY THE GOVERNOR GENERAL IN COUNCIL,1
HG ,1
HGÇ,1
HILL,1
HMCS HALIFAX ,1
HMS SHANNON,1
HMS SHANNON ,1
HÒÐ,1
HOLLAND,1
HORBAS,1
HOWELL,1
HUBERT,1
HÜH,1
HUITIÈMEMENT ,1
HYNES,1
HŽF,1
ÌÂÁ,1
IÅD,1
IÃDÝ,1
ÌÆD,1
ÍÆH,1
ÍÄH,1
IÅÍ ,1
ÌÅJ ,1
IANIEV,1
ÎÂŒ,1
IÁU,1
ÏAŸ,1
IBÂ,1
ICD,1
ICP,1
ÏCŠ,1
IÐA,1
IÐC ,1
IÐMÁ,1
IÐMÂ,1
ÌEÏ,1
ÌÈÑ,1
IGEE ,1
ÌÍÂ,1
ÎÍÄ,1
ÌÌÒ,1
ÎÏŠ,1
IL EST ORDONNÉ QUE ,1
IL ÉTAIT INCAPABLE ,1
IMMIGRATION ET LA PROTECTION DES RÉFUGIÉS ,1
IMP,1
IMPLEMENTATION PANEL ,1
ÍN ,1
IN ALL PARTS DESCRIBED ABOVE ,1
INCO,1
INCO ,1
INITIAL PAYMENTS FOR THE POOL PERIOD COMMENCING ON AUGUST ,1
IÖÂ,1
ÌØA,1
IŒÏ,1
ÎŒÕŒ,1
ÍÓÌ,1
IÓM,1
IONESCU,1
IÖÕ,1
ÎÕŒ,1
ÎÕQ,1
IÖÛK,1
IPC,1
IPC ,1
ÌPDJÁ,1
IPTV,1
IQÔ,1
IRANI,1
IRC,1
IRC ,1
IŠÂ,1
ÍSD,1
ÏŠN,1
ÍSU,1
IT IS ORDERED THAT ,1
IU ,1
ÌÜÎ,1
IÛJ,1
IÜŠ,1
IXA,1
ÎXD,1
ÍXQ,1
ÍŸ ,1
ÏÝW,1
IŽÒÕ,1
IZÚO,1
ÍÞC,1
JAHANI,1
JÈÀ,1
JMX,1
JÑN,1
JÖÂPÖ,1
JÖÐZ,1
JOHAR,1
JÓP,1
JÒVÂ,1
JT ,1
JU ,1
JÚ ,1
KÆH,1
KAMAL,1
KÐÔ,1
KÉ ,1
KEHOE,1
KËVK,1
KHX,1
KHŸ,1
KILFOY,1
KINGWELL,1
KIRBY,1
KKÑ,1
KLAMER,1
KNÚ,1
KŒ ,1
KŒÐS,1
KÕÑ,1
KOO,1
KÖÒI,1
KÒÒU,1
KORONKIEWICZ,1
KPMG ,1
KQÅ,1
KRÖ,1
KŠÃ,1
KWIS KI MAHKA ,1
KWIS KI MAHKA INDIAN RESERVE ,1
KÝS,1
KÞÒ,1
KÞY ,1
LA ,1
LA GENDARMERIE ROYALE DU CANADA PROMOTION ,1
LA PÉRIODE DE MISE EN COMMUN QUI ,1
LA PRÉVENTION,1
LA QIKIQTANI INUIT ASSOCIATION ,1
LACHANCE,1
LAFRANCE,1
LALIBERTÉ,1
LANGELIER,1
LÅÒ,1
LATULIPPE,1
LAURENT,1
LAVENDER,1
LAVOIE,1
LBÜ,1
LBÝŠY ,1
LCÉE,1
LCÉE ,1
LÐŠ,1
LDS ,1
LEBARS,1
LEBLANC,1
LEGHFIRI,1
LEGHIFIRI,1
LES MOTS,1
LIGIBLE PURCHASERS ,1
LIMITATIONS ON AUTHORITY ,1
LIMITES DU MANDAT ,1
LIQUIDITY RIGHTS ,1
LIST OF MINISTERS TO ACT FOR THE PRIME MINISTER IN HIS ABSENCE OR IN THE EVENT OF HIS BEING UNABLE TO PERFORM THE FUNCTIONS OF HIS OFFICE ,1
LIT,1
LL ,1
LNP ,1
LÓ ,1
LŒÒ,1
LOI SUR,1
LOI SUR LA PRÉVENTION DE LA,1
LOI SUR LA PRÉVENTION DE LA POLLUTION DES EAUX ARCTIQUES DESIGNATIONS TO BE REVOKED ,1
LOI SUR LA PRÉVENTION DE LA POLLUTION DES EAUX ARCTIQUES NEW DESIGNATIONS ,1
LORIMER,1
LOTS ,1
LOTS COMMUNAUTAIRES ,1
LÔÜ,1
LSÅ,1
LSÇ,1
LSD ,1
LTT,1
LTU,1
LUÅ,1
LUCE,1
LVÅ,1
LVÃ,1
LWÆÅ,1
LWÈ,1
LWÞ,1
LYNCH,1
LŽÂ,1
MAAN,1
MACCAULL,1
MACDONALD ,1
MACIOROWSKI,1
MACKEY,1
MACLEAN,1
MACPHEE,1
MACRAE,1
MÅI,1
MALONEY,1
MARCHAND,1
MARINE TRANSPORTATION OF FIREARMS,1
MARTIN,1
MATHUR,1
MÅU,1
MÃY ,1
MB ,1
MCCARTHY,1
MCDEVITT,1
MCGILLIVRAY,1
MCGINNIS,1
MCGIRR,1
MCINDOE,1
MÉÄ,1
MEDIATION ,1
MÉDIATION ,1
MEEG,1
MEISNER,1
MEMBERS RANK ,1
MEMBRES GRADE ,1
MÊÔ,1
MG ,1
MÍG,1
MILLAR,1
MILLEN,1
MILLER,1
MILNE,1
MINISTÈRE DES AFFAIRES INDIENNES ET DU NORD CANADIEN ,1
MINUEE,1
MINUSS,1
MINUTE OF THE PRIVY COUNCIL ,1
MISE EN COMMUN ,1
MÍU,1
MÍW,1
MMÂ,1
MÔC,1
MODIFICATION ,1
MÒN,1
MÓO,1
MORFORD,1
MORRIS,1
MOSHER,1
MOST,1
MSË,1
MTTR,1
MUIR,1
MUNICIPALITÉS DE LA NOUVELLE,1
MUNICIPALITÉS DE LA SASKATCHEWAN ,1
MUNICIPALITÉS DU MANITOBA ,1
MUNICIPALITÉS DU NOUVEAU,1
MUNICIPALITIES OF ALBERTA ,1
MUNICIPALITIES OF MANITOBA ,1
MUNICIPALITIES OF NEW BRUNSWICK ,1
MUNICIPALITIES OF NOVA SCOTIA ,1
MUNICIPALITIES OF PRINCE EDWARD ISLAND ,1
MUNICIPALITIES OF SASKATCHEWAN ,1
MUU ,1
MÚV,1
MÚX,1
MWM,1
MYRA,1
ÑÆW,1
NAME POWERS,1
NAME POWERS VESTED NOM POUVOIRS CONFÉRÉS ARNOLD,1
NAME POWERS VESTED NOM POUVOIRS CONFÉRÉS ARSENAULT,1
NAME POWERS VESTED NOM POUVOIRS CONFÉRÉS BEAUDOIN,1
NAME POWERS VESTED NOM POUVOIRS CONFÉRÉS BEESLEY,1
NÁÓ,1
NÂÙÜ,1
NCSM HALIFAX,1
ÑÐÄ,1
NELSON,1
NEW,1
NEW BRUNSWICK,1
NEW WESTMINSTER,1
NGL,1
NGL ,1
NIP ,1
ÑÌÞ,1
NŒ ,1
NÓK,1
NOM POSITION TITLE ,1
NOM POUVOIRS,1
NOMINATIONS ,1
NOMS	 POUVOIRS CONFÉRÉS BEAUDOIN,1
NOMS	 POUVOIRS CONFÉRÉS BRAHIMI,1
NOMS	 POUVOIRS DÉSIGNÉS PAWAR,1
NOMS POUVOIRS,1
NOMS POUVOIRS DÉSIGNÉS DÉCRET BUCHANAN,1
NÓN,1
NÖN,1
NÖÖ,1
NÓOO,1
NORRIS,1
NORTHWEST TERRITORIES ,1
NOTE ,1
NOUVEAU,1
NOVA SCOTIA COURT OF APPEAL ,1
NÓW,1
NOW IN,1
NQË ,1
NŠE,1
NTENTE DE SERVICES TECHNIQUES ,1
ÑÙS,1
NWEST,1
NY ,1
NŸÝ,1
ÓA ,1
ÖÃ ,1
ØA ,1
ÔÃ ÓË,1
ÓAÅ,1
ÓAÄ,1
ÖÄÃÓ,1
OÆÅ,1
ÒÂÉÃD,1
OÆX,1
ÖÂM,1
ÓAØA,1
OATHS IN THE FEDERAL COURT OF APPEAL AND THE FEDERAL,1
OAÚ,1
ÖÂÛ,1
ÒAÚÔ,1
OAW,1
ØAXX,1
ØBÓÂ,1
ÓC ,1
ÖCÊ,1
ØCÞ,1
ÔÐ ,1
ÔÐÆXN,1
ÔDDDM,1
ØDG,1
ÔÐÌ,1
ÒÐM,1
ÓDÛÖ,1
ÓDÝ,1
ØÐŽ,1
ÒË ,1
ÕÉÃ,1
ŒÆF ,1
ÖÈAÛ ,1
ÖÈÇ,1
ŒDDDDDDDH,1
ŒDDDR,1
ŒÐR,1
ŒIL,1
ŒÌN,1
ŒKAÔ,1
ŒKW,1
ŒÙE,1
ŒÙÔ,1
OF ELECTION ,1
OF THAT ACT ,1
OF THE IMMIGRATION AND REFUGEE PROTECTION ACT WITH RESPECT TO COUNTRIES DESIGNATED UNDER PARAGRAPH ,1
OF WAY PLAN OVER ,1
OFFICER ORDER IN COUNCIL RESIGNATION DATE ,1
OFFICIER DÉCRET DATE DE DÉMISSION ,1
OFFICIER DÉCRET DATE DE RENVOI ,1
ÔFÔ,1
ÕFY,1
ÓHB,1
ÖHDR,1
ØHÉ,1
ÕHÝ,1
ØHŽ,1
ÒÍC,1
ÕÍR,1
ØJÂÃ ,1
ØJI,1
OJÖ,1
ØJÒ,1
ØJÛ ,1
ÒJÛI,1
ÕKÅ,1
ØKÂ,1
ØKÉ,1
ÓKRÜ,1
ÒLSÅ,1
ÓLŽ,1
ØLŽ,1
OMÂ,1
ÒMÂ,1
ØMA,1
ÖMÊ,1
ÓMP,1
OMPOSITION DES CONSEILS ,1
OMS,1
OMSM,1
ØMU,1
ØMŽ,1
ØNA,1
ONAÅÖ,1
OND,1
ONE MILLION TWO HUNDRED THIRTEEN THOUSAND SIX HUNDRED AND NINETY,1
ÒÑK,1
ÒNÒ,1
ØNÒ,1
ÖNÚ SÓÑ,1
ONZŠ,1
OO ,1
ÓÓ ,1
ÔÔ ,1
ÓÓÂ,1
ÔOÁ,1
ÔÕÂ,1
ÖÔÃ,1
ÖÖÂ,1
ÖÔB,1
ØÒÇ,1
ÓÓÐ,1
ÓODÇ,1
ÒÒH,1
OOM,1
ÓOM,1
OOMÓ,1
ÓÓMÓ,1
OON,1
OÒO,1
ÓÕÓ,1
ÒÒÒ,1
ÒÖÖ,1
ÖÖÒ,1
ÕÕÒ,1
ÓÓÓÂ,1
ÓÓÓI,1
ÓÓOM,1
ÖÕÖÕ,1
OOÓŽ,1
ÓÒTAÇA,1
ÖOÛ,1
ØOÛ,1
OOWNYÍ,1
ÖÓX,1
ÖÖŸ,1
ÒÓYÇW,1
OOZ,1
ÒÖÞ,1
ÓQIG,1
ÓRC,1
ÓRÇL,1
ORDER AMENDING PROVINCIAL EMERGENCY FINANCIAL ASSISTANCE ORDER NO,1
ORDER AMENDING THE UNITED STATES ENFORCEMENT OFFICERS EXEMPTION ORDER ,1
ORDONNANCE MODIFICATRICE AO,1
ÕSÂ,1
ÖŠE,1
OSFI,1
ØŠLŽ,1
ÕŠØ,1
ÕT ,1
OTÂ,1
ÓTÂ,1
OTA   ,1
ÓTÈA,1
OTHER REPORTS AND RECOMMENDATIONS ,1
ØTÎDÝB,1
ÓTN,1
OTÕ,1
ØTÙ,1
ÓUA,1
ØUC,1
OUELLET,1
ÖÛJV,1
ÒÛK,1
OÚM,1
ÓUMA,1
ÓUÖ,1
ÔÜÚÚ,1
ÕUVMÂ,1
ÕUWO,1
ØUX,1
ÓVÂ ,1
OVER ,1
ÖVIS,1
ÒVÒ,1
ÒVÕ,1
ØVÒ,1
ØVÖ,1
ØVÖV,1
ÖXÒ,1
OXÝ,1
ÔYÁ,1
ÓŸØ,1
ÖÝSIUÓ,1
ÔÝY,1
ÓZMF,1
ÖZO,1
OŽŸ,1
OŽÝD,1
OZZM,1
ÖZÞ,1
PADDON,1
PÃLŠ,1
PÂØS,1
PAPILLON,1
PAR TONNE GRADE ,1
PARKS CANADA PARCS CANADA,1
PARKS CANADA PARCS CANADA ,1
PART III,1
PART IV,1
PARTIE III,1
PARTIE IV,1
PASRICHA,1
PÂV,1
PÂY,1
PÂZ,1
PD ,1
PÐC,1
PEBC,1
PECKHAM,1
PEDRO,1
PEÌ,1
PELLETIER,1
PENNELL,1
PER TONNE GRADE ,1
PERIOD,1
PERIOD OF INQUIRY AND REPORT ,1
PERMIT AREA DESCRIPTION ,1
PERSONNEL ,1
PERSONNEL ET SOUTIEN ,1
PERSONNES COUVERTES ,1
PERSONS COVERED,1
PES ,1
PETTIPAS,1
PÌÂ,1
PIERRE,1
PIPSC,1
PIPSC ,1
PIU ,1
PK ,1
PLAN ,1
PLI,1
PLÌŒ,1
PME ,1
PMÓDÚ,1
POLLUTION DES EAUX ARCTIQUES NOUVELLES DÉSIGNATIONS PRÉSENTATION NUMÉRO ,1
PØØ,1
POOL ,1
PORTION OF UNSURVEYED,1
PORTION OF UNSURVEYED CROWN LAND BEING,1
POSTE ,1
POUR CES MOTIFS,1
POUVOIRS CONFÉRÉS	 DÉCRET BOWLER,1
POUVOIRS CONFÉRÉS	 DÉCRET BROWN,1
POUVOIRS DÉSIGNÉS	 DÉCRET PARRY,1
PRINCIPES GÉNÉRAUX ,1
PRIX MOYEN PAR TONNE VALEUR GRADE TONNES ,1
PROCÉDURES ,1
PROCESSUS DE RÈGLEMENT DES DIFFÉRENDS DÉFINITIONS ,1
PROMOTION SCHEDULE ROYAL CANADIAN MOUNTED POLICE ACT PROMOTION COLUMN ,1
PROVINCE DU MANITOBA ,1
PROVINCE OF ALBERTA,1
PROVINCE OF ALBERTA ,1
PROVINCE OF MANITOBA ,1
PROVINCE OF ONTARIO,1
PROVINCE OF ONTARIO ,1
PROVINCIAL EMERGENCY FINANCIAL ASSISTANCE ORDER ,1
PROVINCIALE ,1
PS ,1
PTCE,1
PÜŒ ,1
PWGSC,1
PŸÞÕ,1
QÂŒGÂ,1
QDDC ,1
QEDDDDDD,1
QLÖ,1
QLSÅ,1
QLTS,1
QPÁ,1
QS ,1
QUEBEC,1
QUÉBEC,1
QUÖ,1
QVÄS ,1
QZQ,1
RADEMARK AGREEMENT ,1
RAJASINGHAM,1
RAL,1
RAŠ,1
RAWAT,1
RBÛ ,1
RÇA,1
RCÑ,1
REDDICK,1
RÈGLEMENT ABROGEANT LE RÈGLEMENT INTITULÉ ,1
REGULATIONS AMENDING THE CANADIAN WHEAT BOARD REGULATIONS AMENDMENT ,1
REGULATIONS REPEALING THE REGULATIONS RESPECTING THE PROVISION OF EDUCATIONAL FACILITIES AT DEFENCE ESTABLISHMENTS IN CANADA ,1
REGULATIONS RESPECTING THE PROVISION OF EDUCATIONAL FACILITIES AT DEFENCE ESTABLISHMENTS IN CANADA ,1
REMEMBER ,1
REMEMBER SOUVENIR ,1
REMISE ,1
REMISSION ,1
RENNIE,1
REQUESTS FOR REVIEW ,1
RÈR,1
RÉSOLUTION DES DIFFÉRENDS ,1
RESOLUTION OF DISPUTES ,1
RESPONSABILITÉ ET RAPPORT ANNUEL ,1
REVISED SCHEDULE ,1
RÉVISÉE ,1
RÉVOQUER SUBMISSION NUMBER ,1
RFAFE,1
RFAFE ,1
RGÂÕ,1
RÍI ,1
RÌÕ,1
RIP,1
RISK COVERED,1
RISQUES COUVERTS ,1
RLB LLP,1
RLB LLP ,1
RØÐA,1
RODERICKS,1
RONDEAU,1
RÔÔ,1
ROSLEE,1
ROUSSEAU,1
RPG,1
RPÑ,1
RPØ,1
RR ,1
RTÅG,1
RTC ,1
RVÑ,1
RWD,1
SA ,1
ŠÃ ,1
SAÃD,1
SÆÅA,1
ŠÆØ,1
SÅFR,1
ŠÅHA,1
SALISBURY,1
SALT,1
SAMSON,1
SANTOS,1
SARS ,1
SAUF ,1
SAUNDERS,1
SAVE AND EXCEPT,1
SCHEDULE BARLEY LIST OF THE GRADES TRANSFERRED FROM THE POOL PERIOD THAT BEGAN ON AUGUST ,1
SCHEDULE BARLEY PAYMENTS TO BE MADE TO PRODUCERS NAMED IN CERTIFICATES RELATING TO THE POOL PERIOD THAT BEGAN ON AUGUST ,1
SCHEDULE CANDIDATES FOR COUNCILLOR ,1
SCHEDULE COMMISSIONERS FOR ADMINISTERING,1
SCHEDULE CONDITION FOR THE APPROVAL OF THE ,1
SCHEDULE COURT OF APPEAL OF ALBERTA ,1
SCHEDULE DEPARTMENTS ,1
SCHEDULE DESIGNATIONS ,1
SCHEDULE FIRSTLY,1
SCHEDULE LEGAL DESCRIPTION PART OF LOTS ,1
SCHEDULE OF GRADES OTHER THAN THE BASE GRADE BARLEY ,1
SCHEDULE OF GRADES OTHER THAN THE BASE GRADE DESIGNATED BARLEY INITIAL PAYMENTS FOR THE POOL PERIOD COMMENCING ON AUGUST ,1
SCHEDULE POOL ACCOUNT ,1
SCHEDULE PROMOTION OF OFFICERS ,1
SCHEDULE PROVINCE OF BRITISH COLUMBIA ,1
SCHEDULE PROVINCE OF MANITOBA ,1
SCHEDULE ROYAL CANADIAN MOUNTED POLICE ACT APPOINTMENT OFFICER ,1
SCHEDULE ROYAL CANADIAN MOUNTED POLICE ACT PROMOTION ANNEXE LOI SUR LA GENDARMERIE ROYALE DU CANADA PROMOTION ,1
SCHEDULE ROYAL CANADIAN MOUNTED POLICE ACT RESIGNATION ,1
SCHEDULE SCHEDULE ,1
SCHEDULE SUMMARY,1
SCHEDULE TERMS AND CONDITIONS RESPECTING THE DISPOSAL OF CERTAIN PROPERTY AND THE DISCHARGE OF ALL LIABILITIES BY THE CANADA MILLENNIUM SCHOLARSHIP FOUNDATION PURSUANT TO SUBSECTION ,1
SCHEDULE TERMS AND CONDITIONS THAT COULD HAVE ,1
SCHEDULE VIA,1
SCHWARZ,1
ŠÇÌ,1
SÇLW,1
SDYD,1
ŠÉC,1
SENECAL,1
SEPT ,1
SEPTIÈMEMENT ,1
SEVEN ,1
SEVENTHLY ,1
ŠFÓL,1
ŠGÞ,1
SHARPE,1
SHIHADEH,1
ŠÌA,1
SINGH,1
SIR,1
SJÓÛ ,1
SJŠ,1
SL ÐÁ,1
SLB ,1
SLN,1
SLSÇÓ,1
SMEDMOR,1
SMRBC,1
ŠNE,1
SNL,1
SÑŒ,1
SNÕS,1
ŠÖÁ,1
SŒÜ,1
SŒW,1
ŠØLW,1
SOM,1
ŠOMŠØ,1
SON EXCELLENCE LA GOUVERNEURE GÉNÉRALE EN CONSEIL ,1
SÖÛ,1
SOUDAN,1
ŠÕX,1
SP ,1
ŠPÅE,1
SPENCE,1
ŠŠÉ,1
ŠŠMŠÃÇ,1
ŠŠØ,1
ŠŠŽÝŠ,1
STAFF ,1
STAFF AND SUPPORT ,1
STATUS OF ARBITRATION AWARDS ,1
STATUTORY RIGHT,1
STATUTORY RIGHT OF WAY PLAN,1
STÈ,1
STEVENS,1
STI,1
STÓ,1
STRICKLAND,1
STUCKE,1
STUDENT LOAN AGREEMENTS FOR PART,1
ŠUÄG,1
SUD,1
ŠÛJA,1
SUPERIOR COURT OF JUSTICE ,1
SUPERIOR COURT OF JUSTICE IN AND FOR THE PROVINCE OF ONTARIO ,1
SUPREME COURT OF NEWFOUNDLAND AND LABRADOR ,1
SUPREME COURT OF PRINCE EDWARD ISLAND ,1
SUPREME COURT OF THE NORTHWEST TERRITORIES ,1
SUR LA GENDARMERIE ROYALE DU CANADA PROMOTIONS ,1
SUR LE REVENU VISANT BLACKBERRY LIMITED DÉFINITION ET INTERPRÉTATION ,1
SURMONTE LE DESSIN,1
ŠVË,1
SVEINSON,1
SW ,1
SWANNELL,1
ŠÝŠD,1
ŠŽC,1
TÂ ,1
TÁA,1
TÅU,1
TAZ,1
TB ,1
TCA,1
TCEP,1
TÐÄD,1
TÊ ,1
TEÅÈWÈX,1
TECHNICAL SERVICES AGREEMENT ,1
TÉD,1
TEMPS PARTIEL,1
TEN DOLLARS ,1
TERRITOIRES DU NORD,1
TEŠ,1
THE BED OF THE FRASER RIVER FRONTING DISTRICT,1
THE CITY OF GLOUCESTER,1
THE CITY OF OTTAWA,1
THE SUPERIOR COURT OF JUSTICE IN AND FOR THE PROVINCE OF ONTARIO ,1
THIRDLY,1
THREE ,1
TÏ ,1
TÎÉ,1
TIME STUDENTS UNDER THE CANADA STUDENT LOANS PROGRAMS ,1
TITRE DU,1
TITRE GRACIEUX DANS LE CADRE DE LA PROCÉDURE DES FORCES CANADIENNES APPLICABLE AUX GRIEFS ,1
TMG ,1
TMRD,1
TNL ,1
TÕ ,1
TO THE POOL PERIOD THAT BEGAN ON FEBRUARY ,1
TÕSA,1
TOTTEN,1
TOWNSHIP OF NEPEAN,1
TPSGC,1
TQS,1
TRAN,1
TRANSITION ,1
TRANSITIONAL ,1
TRANSPORT ,1
TRIAL DIVISION OF THE SUPREME COURT OF PRINCE EDWARD ISLAND ,1
TRIPS,1
TROIS ,1
TSÅ,1
TSÄÃ,1
TSLL,1
TSP ,1
TSX,1
TSX ,1
TUCK,1
TUE,1
TÚN,1
TÚV,1
TVIP,1
TWÅG,1
TWINING,1
TWINNING,1
TWLT,1
ÚÃ ZU,1
UÄD,1
UÅE,1
ÛÅEGQ,1
ÛÅFI,1
ÚÃI,1
ÚÃX,1
ÜBŠI,1
ÙBÞ,1
ÜC ,1
UÇÕÆ,1
ÛÐA,1
UDØ,1
ÙÐÓ,1
ÚDÙ,1
ÜEÒX ,1
ÛEÛ,1
ÛEÛÑ,1
ÚFÛ,1
ÚHÖÒA,1
ÛÌÅK,1
ÜÍÒÝ,1
ÙIP,1
UIT,1
UIT ,1
ÚIUŠÆÕA,1
UIWJ,1
ÛKK,1
ÛKKÖ,1
ÛKÓ,1
ÛL ÈÞÎ,1
ÛLL,1
ÛMH,1
ÚMÑ,1
ÚMÓ,1
ÚMÕ,1
ÚMÓÍ,1
ÚMÓOÓ,1
UNÂ,1
UNA ,1
UNE MARQUE DE COMMERCE ,1
UNE SITUATION DE CRISE,1
UNE URGENCE PROVINCIALE ,1
UNIS ,1
UNMEE,1
UNMISS,1
ÛNÒ,1
ÛNÕ,1
ÚO ,1
ÛÔ ,1
ÚÕ ÈÝ,1
ÜÓÃ,1
ÚOCA,1
ÚOÉ,1
UÔÎ,1
UÕJ,1
ÚØM,1
ÛON,1
ÚÓÓ,1
ÙÕÖ,1
ÚOOM ,1
UORUM PROVISIONS ,1
UØT,1
ÛÖÞ,1
UPADHYAYA,1
ÙRS,1
ÜSÃ,1
USAID,1
USOA ,1
UŠŠŽ,1
ÚTÂ ,1
UTILISATION ,1
ÚÙÄ,1
ÚÚÃ ,1
ÛÛÂL,1
ÚÚB,1
UÛI,1
UUM,1
ÚÚPÒ,1
ÜÛRC,1
UUTM ,1
ÚUÚÚ,1
ÚÚV,1
ÚÚWV,1
ÚVÓ,1
ÛVÒ,1
ÚWL,1
ÚWÓ,1
UWŠ,1
ÛXA,1
ÚXO,1
ÚXQ,1
ÛÝÚ,1
ÚÝÝ,1
ÚZM,1
UŽÓÉEÚ,1
ÚZÚM,1
UŽX,1
ÙZÝ,1
ÚZZZ,1
UÞXOB,1
VÃ ,1
VÃ ÓO ,1
VÄÃ,1
VACIS,1
VÆÅE,1
VÆÇ,1
VÅFÅ,1
VÂI,1
VÃJ,1
VÂQ,1
VÂÚ,1
VAUTOUR,1
VÂZ,1
VÐ ,1
VERBAL DU CONSEIL PRIVÉ ,1
VERSER AUX TITULAIRES DE CERTIFICATS POUR LA PÉRIODE DE MISE EN COMMUN QUI ,1
VESTED MAUNG,1
VESTED ORDER IN COUNCIL BAMBURY,1
VETO RIGHTS ,1
VILLE DE QUÉBEC CITY,1
VILLE DE QUÉBEC CITY ,1
VJK,1
VÖÂPÂ,1
VŒÞ,1
VÖÖ,1
VÖÕ,1
VÖÜ,1
VÔVÃ,1
VÔÝ,1
VÒZ,1
VÜ ,1
VÙC,1
VÛJ,1
VÛR,1
VÛW,1
VVJ,1
VVÖÖ,1
WADE,1
WARNA,1
WÂÚ,1
WÄW,1
WDÇ,1
WELLER,1
WERT,1
WESTMINSTER DISTRICT,1
WÉÙC,1
WHEAT UNDISTRIBUTED BALANCE AS AT DECEMBER ,1
WHO,1
WILLIAMSON,1
WILLIS,1
WILSON,1
WJÒ,1
WKØ,1
WKZ,1
WMÕ,1
WNN,1
WOO,1
WÔU,1
WSIB,1
WSIB ,1
WTÆÅ,1
WÛA,1
WÚÕ,1
WUPÂH,1
WÝÑ,1
WÝZ,1
XÄK,1
XAÞ,1
XCA,1
XDH,1
XDØ,1
XÉAQ,1
XEÌ,1
XJÂ,1
XJÂ ,1
XKO,1
XNA,1
XÓ ,1
XOI,1
XÓÔ,1
XØV,1
XUL,1
XVJ,1
XX MMM ,1
XX XX ,1
XXXX ,1
ŸA ÒÉ,1
ŸÆÐÃ,1
YC ,1
ŸEÂX,1
ŸÌÂ,1
ÝIÃD,1
ŸÍÇÌ ,1
YÏE,1
ÝÌÑUŽ,1
ŸIÒ,1
YIÙ,1
ŸKK,1
ÝKÑ,1
ŸNA,1
YÑÞ,1
ŸÕB,1
ÝÕÕ,1
ŸØO,1
ÝPÕ,1
ŸPO,1
ÝQÖ,1
ÝŠÕ,1
ÝSÓÐÓ,1
ÝTO,1
ŸÜÍ,1
ŸÚJ,1
ÝUÑ,1
ŸÚÚ,1
ÝÚZ,1
ŸÛÞŸ,1
ÝWI,1
ÝXK,1
ÝYŒ,1
ÝZ ,1
YZË ,1
ÝZO,1
ÝZØJÒ,1
ŽÅÅ,1
ZÄDDDF,1
ZAHODY,1
ŽÂN,1
ZÅÔ,1
ZÄQ,1
ZÅR,1
ŽÂT,1
ŽÁY,1
ZÅZ,1
ZÇÜU,1
ZCZ,1
ZE ,1
ZËJ,1
ZEÔ,1
ŽÊRŽX,1
ZÉÛP,1
ŽÊÙR,1
ŽFÅ,1
ŽG ,1
ZH ,1
ŽÎÆ,1
ŽÎÉÁ,1
ZINCK,1
ŽJÉ,1
ZJÞÃK,1
ŽMÒ,1
ŽMÜŒ,1
ZNMÐ,1
ŽNÚ,1
ŽO ,1
ŽÔK,1
ZOMÓ,1
ZØNÖØ,1
ZÕÒ,1
ZÕU,1
ZOÛJ,1
ZOW,1
ŽPA,1
ZPÖÂ,1
ZS ÜÌ,1
ZŠV,1
ŽÚ ,1
ŽÚC,1
ŽÙÇH,1
ŽÛÐ,1
ZÛK,1
ZUO,1
ZWF,1
ŽXN,1
ŽŸO,1
ŽÞÏ,1
ÞAC,1
ÞÃJÚ,1
ÞÃKÛ ,1
ÞÃØ,1
ÞÂÙ,1
ÞÐÒ,1
ÞÊÅÎÄ,1
ÞNS,1
ÞŒÂ,1
ÞÝ ,1
ÞŸÛWI,1
ÞZV,1
